<?xml version="1.0" encoding="UTF-8" standalone="yes"?>
<informationSet xmlns="ec/tss.core">
    <item name="metadata">
        <subset>
            <item name="timestamp">
                <string>24.09.2025, 15:28:47</string>
            </item>
        </subset>
    </item>
    <item name="sa1">
        <subset>
            <item name="ts">
                <ts name="Ind prod&#10;Production_1">
                    <freq>12</freq>
                    <firstYear>2000</firstYear>
                    <firstPeriod>1</firstPeriod>
                    <data>74.9 74.4 83.0 78.8 77.1 82.4 77.0 71.4 81.1 83.1 83.7 70.4 75.1 76.7 84.4 79.7 78.7 80.1 75.8 71.4 79.3 79.8 78.8 64.9 68.1 68.2 76.1 72.3 70.8 73.8 69.9 67.6 76.4 77.7 76.6 64.1 68.9 69.8 78.7 75.5 75.1 78.1 74.6 71.3 81.7 83.8 84.2 71.5 71.6 74.7 82.7 78.6 78.3 80.4 76.9 71.0 82.1 80.6 79.7 65.3 69.9 69.9 79.2 75.2 76.1 78.5 75.9 72.3 82.1 81.8 81.3 68.2 70.5 73.9 83.1 80.0 78.4 83.6 82.4 75.7 85.5 87.2 86.3 72.8 77.6 78.7 88.3 82.9 83.0 85.5 84.3 77.7 86.1 86.4 83.9 69.2 77.6 76.4 86.1 82.3 81.7 85.5 84.6 79.0 89.4 89.1 88.5 74.8 78.4 82.2 91.1 86.7 88.6 89.4 90.0 84.2 93.5 94.2 94.0 79.4 84.0 86.1 94.3 87.3 87.6 91.1 87.6 82.6 91.0 90.4 88.5 73.5 79.5 82.0 91.0 86.6 85.7 89.8 88.5 83.3 91.9 91.6 91.5 75.1 81.6 81.9 92.1 87.0 86.1 89.3 89.0 81.1 89.8 93.2 91.9 77.1 84.2 86.4 94.0 90.8 89.9 93.1 92.7 85.6 94.6 95.4 94.3 78.4 88.5 87.0 95.4 92.4 91.3 94.7 95.6 88.1 97.4 100.8 98.5 81.7 90.8 91.9 100.4 98.2 99.7 102.0 102.5 98.3 106.4 107.0 106.4 90.1 99.7 101.0 111.7 105.0 106.1 109.3 109.3 103.0 112.8 113.2 111.6 93.8 104.3 106.0 116.9 110.4 108.9 111.6 110.6 105.8 110.7 109.0 101.1 76.7 80.6 80.6 87.0 80.9 84.2 88.0 88.8 85.7 94.7 96.1 96.0 77.4 88.5 89.2 101.6 98.6 100.9 103.1 103.6 99.1 106.3 108.9 107.4 86.7 100.7 102.4 114.0 107.9 108.3 110.0 112.4 105.6 111.2 112.4 110.4 88.2 100.5 101.4 112.5 105.7 106.7 108.6 109.2 102.2 108.0 108.5 106.1 85.8 98.0 98.7 111.1 103.5 105.1 107.9 108.0 101.2 108.8 110.9 110.1 89.7 101.8 103.9 114.8 107.6 105.7 108.9 110.4 101.9 109.3 111.0 109.5 90.3 101.8 103.0 113.8 106.8 106.4 109.8 109.9 102.5 109.9 110.2 109.5 90.2 103.2 105.1 114.6 108.0 107.2 109.6</data>
                    <metaData>
                        <property name="@timestamp" value="Wed Sep 24 15:28:28 CEST 2025"/>
                        <property name="@source" value="XCLPRVDR"/>
                        <property name="@id" value="demetra://tsprovider/XCLPRVDR/20111201/SERIES?file=C%3A%5CDaten%5Cexamples%5Cexam_in_practice%5CTS_Ind_Pro.xlsx#seriesName=Production_1&amp;sheetName=Ind+prod"/>
                    </metaData>
                </ts>
            </item>
            <item name="domainspec">
                <string>spec1</string>
            </item>
            <item name="pointspec">
                <subset>
                    <item name="algorithm">
                        <method version="0.1.0.0">
                            <name>x13</name>
                            <family>Seasonal adjustment</family>
                        </method>
                    </item>
                    <item name="regarima">
                        <subset>
                            <item name="algorithm">
<method version="0.1.0.0">
    <name>regarima</name>
    <family>Modelling</family>
</method>
                            </item>
                            <item name="arima">
<subset>
    <item name="phi">
        <params>
            <coef type="Estimated">
                <value>-0.7375132185560778</value>
                <stde>0.11034924449055733</stde>
                <tstat>-6.683446016879502</tstat>
            </coef>
        </params>
    </item>
    <item name="theta">
        <params>
            <coef type="Estimated">
                <value>-0.9808684034562077</value>
                <stde>0.11131562332212985</stde>
                <tstat>-8.811596918590029</tstat>
            </coef>
            <coef type="Estimated">
                <value>0.3427740517205509</value>
                <stde>0.05564150574054902</stde>
                <tstat>6.160402152286699</tstat>
            </coef>
        </params>
    </item>
    <item name="btheta">
        <params>
            <coef type="Estimated">
                <value>-0.5756753264273948</value>
                <stde>0.048994633038664775</stde>
                <tstat>-11.749762999002215</tstat>
            </coef>
        </params>
    </item>
</subset>
                            </item>
                            <item name="automdl">
<subset>
    <item name="enabled">
        <boolean>false</boolean>
    </item>
</subset>
                            </item>
                            <item name="regression">
<subset>
    <item name="outliers">
        <strings>
            <items>LS.2017-12-01 AO.2017-11-01 TC.2017-12-01</items>
        </strings>
    </item>
    <item name="coefficients">
        <subset>
            <item name="LS (2017-12-01)">
                <double>-28.941367478633417</double>
            </item>
            <item name="AO (2017-11-01)">
                <double>-6.939858733149724</double>
            </item>
            <item name="TC (2017-12-01)">
                <double>16.225437274522797</double>
            </item>
        </subset>
    </item>
</subset>
                            </item>
                        </subset>
                    </item>
                    <item name="x11">
                        <subset>
                            <item name="mode">
<string>Additive</string>
                            </item>
                        </subset>
                    </item>
                    <item name="benchmarking">
                        <subset/>
                    </item>
                </subset>
            </item>
            <item name="estimationspec">
                <subset>
                    <item name="algorithm">
                        <method version="0.1.0.0">
                            <name>x13</name>
                            <family>Seasonal adjustment</family>
                        </method>
                    </item>
                    <item name="regarima">
                        <subset>
                            <item name="algorithm">
<method version="0.1.0.0">
    <name>regarima</name>
    <family>Modelling</family>
</method>
                            </item>
                            <item name="transform">
<subset>
    <item name="function">
        <string>Auto</string>
    </item>
</subset>
                            </item>
                            <item name="arima">
<subset>
    <item name="theta">
        <params>
            <coef/>
        </params>
    </item>
    <item name="btheta">
        <params>
            <coef/>
        </params>
    </item>
</subset>
                            </item>
                            <item name="automdl">
<subset>
    <item name="enabled">
        <boolean>true</boolean>
    </item>
</subset>
                            </item>
                            <item name="outlier">
<subset>
    <item name="ao">
        <double>0.0</double>
    </item>
    <item name="ls">
        <double>0.0</double>
    </item>
    <item name="tc">
        <double>0.0</double>
    </item>
</subset>
                            </item>
                        </subset>
                    </item>
                    <item name="x11">
                        <subset/>
                    </item>
                    <item name="benchmarking">
                        <subset/>
                    </item>
                </subset>
            </item>
            <item name="quality">
                <string>Good</string>
            </item>
            <item name="policy">
                <string>Complete</string>
            </item>
        </subset>
    </item>
    <item name="sa2">
        <subset>
            <item name="ts">
                <ts name="Ind prod&#10;Production_2">
                    <freq>12</freq>
                    <firstYear>2000</firstYear>
                    <firstPeriod>1</firstPeriod>
                    <data>69.1 73.4 83.0 76.5 74.0 84.6 72.2 65.2 80.2 80.6 85.0 82.7 68.0 75.2 82.2 77.0 75.0 79.8 69.0 62.5 78.6 76.8 78.4 73.8 58.5 61.9 71.2 65.2 65.2 68.4 59.5 57.1 70.6 69.1 70.5 70.8 54.9 63.4 70.7 67.5 65.5 71.5 65.1 56.3 73.3 73.4 75.5 73.5 58.1 64.4 73.1 68.0 67.8 72.9 66.6 57.9 75.1 70.3 74.9 75.7 59.6 64.4 73.7 67.9 66.7 73.7 66.4 59.2 75.4 71.9 77.4 74.7 59.9 65.7 76.6 69.6 67.7 77.4 73.0 60.7 77.0 76.0 80.2 78.8 64.8 71.8 83.7 76.1 75.5 81.3 79.0 67.0 82.1 81.6 83.8 82.7 66.5 72.2 82.1 77.2 75.9 82.4 77.8 69.2 84.2 83.6 86.5 83.1 70.1 77.6 89.4 83.6 83.5 89.2 86.8 75.8 94.3 90.8 95.0 92.5 78.3 85.7 96.4 86.6 85.7 93.5 85.9 77.4 94.4 88.7 91.0 88.0 75.2 80.5 92.6 85.5 81.8 93.4 86.2 77.6 93.3 89.3 95.7 89.0 77.4 84.5 94.7 85.5 83.6 88.5 88.2 74.6 91.5 91.3 98.1 92.4 77.9 84.1 96.0 89.1 89.7 95.1 92.9 80.6 98.1 97.8 97.0 91.1 81.3 86.3 101.4 93.0 89.8 100.7 97.6 80.8 105.0 103.1 106.0 99.1 85.8 93.7 105.6 97.6 98.1 105.0 103.3 89.0 110.9 107.4 114.8 106.2 94.1 101.8 115.9 104.5 105.9 114.7 111.3 95.7 119.9 118.8 123.0 114.2 102.7 110.1 122.8 113.9 109.4 119.4 111.6 99.3 120.4 114.1 114.6 103.0 78.5 80.4 94.7 81.0 86.3 92.8 86.0 75.7 99.7 93.3 97.4 90.6 78.7 85.6 102.2 93.5 96.6 103.5 97.2 87.2 109.8 110.8 114.8 111.7 93.1 103.8 119.5 108.0 109.9 114.8 115.1 101.7 119.9 119.5 124.1 113.1 98.8 108.7 125.8 110.1 111.8 117.4 115.7 102.0 120.7 114.7 120.8 113.2 94.6 107.1 123.2 112.9 108.3 120.2 111.7 104.2 122.7 116.9 128.1 117.8 101.0 111.5 127.6 113.4 112.8 120.2 120.4 99.0 124.9 120.7 128.1 119.7 100.9 112.6 127.8 115.7 115.0 121.9 121.0 103.8 125.1 123.2 127.0 117.7 105.7 114.9 129.1 118.0 113.1 125.8</data>
                    <metaData>
                        <property name="@timestamp" value="Wed Sep 24 15:28:28 CEST 2025"/>
                        <property name="@source" value="XCLPRVDR"/>
                        <property name="@id" value="demetra://tsprovider/XCLPRVDR/20111201/SERIES?file=C%3A%5CDaten%5Cexamples%5Cexam_in_practice%5CTS_Ind_Pro.xlsx#seriesName=Production_2&amp;sheetName=Ind+prod"/>
                    </metaData>
                </ts>
            </item>
            <item name="domainspec">
                <string>spec1</string>
            </item>
            <item name="pointspec">
                <subset>
                    <item name="algorithm">
                        <method version="0.1.0.0">
                            <name>x13</name>
                            <family>Seasonal adjustment</family>
                        </method>
                    </item>
                    <item name="regarima">
                        <subset>
                            <item name="algorithm">
<method version="0.1.0.0">
    <name>regarima</name>
    <family>Modelling</family>
</method>
                            </item>
                            <item name="transform">
<subset>
    <item name="function">
        <string>Log</string>
    </item>
</subset>
                            </item>
                            <item name="arima">
<subset>
    <item name="phi">
        <params>
            <coef type="Estimated">
                <value>-0.7978190909866635</value>
                <stde>0.0859422715895139</stde>
                <tstat>-9.283197618946904</tstat>
            </coef>
        </params>
    </item>
    <item name="theta">
        <params>
            <coef type="Estimated">
                <value>-1.364938080876331</value>
                <stde>0.0832908649120168</stde>
                <tstat>-16.3876084408316</tstat>
            </coef>
            <coef type="Estimated">
                <value>0.5590749916319067</value>
                <stde>0.05215709119202938</stde>
                <tstat>10.719060032959511</tstat>
            </coef>
        </params>
    </item>
    <item name="btheta">
        <params>
            <coef type="Estimated">
                <value>-0.6739610870421083</value>
                <stde>0.044482652242942504</stde>
                <tstat>-15.15109942998143</tstat>
            </coef>
        </params>
    </item>
</subset>
                            </item>
                            <item name="automdl">
<subset>
    <item name="enabled">
        <boolean>false</boolean>
    </item>
</subset>
                            </item>
                            <item name="regression">
<subset>
    <item name="outliers">
        <strings>
            <items>LS.2018-01-01</items>
        </strings>
    </item>
    <item name="coefficients">
        <subset>
            <item name="LS (2018-01-01)">
                <double>-0.18101930461105936</double>
            </item>
        </subset>
    </item>
</subset>
                            </item>
                        </subset>
                    </item>
                    <item name="x11">
                        <subset>
                            <item name="mode">
<string>Multiplicative</string>
                            </item>
                        </subset>
                    </item>
                    <item name="benchmarking">
                        <subset/>
                    </item>
                </subset>
            </item>
            <item name="estimationspec">
                <subset>
                    <item name="algorithm">
                        <method version="0.1.0.0">
                            <name>x13</name>
                            <family>Seasonal adjustment</family>
                        </method>
                    </item>
                    <item name="regarima">
                        <subset>
                            <item name="algorithm">
<method version="0.1.0.0">
    <name>regarima</name>
    <family>Modelling</family>
</method>
                            </item>
                            <item name="transform">
<subset>
    <item name="function">
        <string>Auto</string>
    </item>
</subset>
                            </item>
                            <item name="arima">
<subset>
    <item name="theta">
        <params>
            <coef/>
        </params>
    </item>
    <item name="btheta">
        <params>
            <coef/>
        </params>
    </item>
</subset>
                            </item>
                            <item name="automdl">
<subset>
    <item name="enabled">
        <boolean>true</boolean>
    </item>
</subset>
                            </item>
                            <item name="outlier">
<subset>
    <item name="ao">
        <double>0.0</double>
    </item>
    <item name="ls">
        <double>0.0</double>
    </item>
    <item name="tc">
        <double>0.0</double>
    </item>
</subset>
                            </item>
                        </subset>
                    </item>
                    <item name="x11">
                        <subset/>
                    </item>
                    <item name="benchmarking">
                        <subset/>
                    </item>
                </subset>
            </item>
            <item name="quality">
                <string>Good</string>
            </item>
            <item name="policy">
                <string>Complete</string>
            </item>
        </subset>
    </item>
    <item name="sa3">
        <subset>
            <item name="ts">
                <ts name="Ind prod&#10;Production_3">
                    <freq>12</freq>
                    <firstYear>2000</firstYear>
                    <firstPeriod>1</firstPeriod>
                    <data>134.1 143.2 160.0 141.5 132.4 149.8 118.9 105.4 157.9 157.2 163.7 128.7 131.6 141.0 152.8 137.9 131.7 132.3 109.2 104.1 146.4 146.0 150.2 121.5 124.8 129.0 140.2 126.6 123.0 125.3 98.4 105.0 141.9 143.8 146.7 119.7 118.3 123.9 138.0 127.9 121.1 124.1 101.7 100.6 140.0 142.7 146.1 123.6 114.1 120.3 130.2 120.7 115.4 118.0 103.1 92.4 134.7 132.4 133.6 105.6 110.3 115.0 129.9 114.0 110.0 117.3 100.9 92.8 129.0 127.8 131.8 106.4 106.5 113.3 129.1 112.5 101.1 116.0 104.0 87.0 130.4 131.0 133.4 107.4 110.3 118.5 134.4 116.5 114.3 116.8 105.1 93.2 133.7 129.8 131.4 103.4 109.1 111.7 123.6 110.8 108.9 115.5 104.0 98.1 133.1 135.2 137.3 109.3 110.1 118.7 128.4 121.1 119.4 116.4 110.9 99.5 137.1 136.5 136.9 110.0 115.1 122.0 135.0 119.7 116.7 123.9 106.5 102.3 134.7 128.9 129.5 108.4 107.5 110.9 124.2 107.1 99.2 112.7 100.3 88.4 124.8 121.0 124.9 98.9 98.1 103.3 115.1 101.9 94.8 98.9 102.5 79.8 116.0 116.5 119.7 97.7 99.2 102.7 113.3 104.1 101.8 102.4 102.8 80.9 114.8 114.5 112.8 92.8 97.7 102.7 112.5 103.3 94.4 104.1 97.3 83.1 114.4 117.5 118.8 97.6 102.5 105.4 114.5 110.5 106.0 108.3 104.7 95.4 126.4 125.7 128.6 110.0 106.7 113.8 123.0 107.5 106.6 110.3 105.2 96.3 127.6 126.1 125.5 102.6 105.9 111.5 122.1 111.3 100.8 110.5 98.7 93.5 120.2 117.7 116.2 87.9 88.2 88.4 96.8 86.9 86.5 87.2 83.1 76.9 103.2 102.3 106.7 86.3 93.1 95.4 103.3 94.6 96.0 99.6 93.7 86.8 111.9 114.0 113.2 91.3 97.6 103.1 114.3 103.7 100.9 98.2 104.9 87.6 115.7 117.2 115.8 91.5 97.6 100.2 110.3 98.1 99.0 100.5 97.7 88.0 112.8 107.6 106.9 87.1 93.1 98.6 110.2 97.7 91.8 104.8 97.1 85.3 114.2 107.2 111.6 89.7 93.5 101.1 112.5 98.2 94.6 101.5 97.1 83.4 110.5 108.2 111.9 93.9 95.2 103.7 113.2 102.1 99.7 102.6 97.2 90.8 112.7 109.5 113.4 93.4 100.1 105.4 114.5 105.1 97.9 110.1</data>
                    <metaData>
                        <property name="@timestamp" value="Wed Sep 24 15:28:28 CEST 2025"/>
                        <property name="@source" value="XCLPRVDR"/>
                        <property name="@id" value="demetra://tsprovider/XCLPRVDR/20111201/SERIES?file=C%3A%5CDaten%5Cexamples%5Cexam_in_practice%5CTS_Ind_Pro.xlsx#seriesName=Production_3&amp;sheetName=Ind+prod"/>
                    </metaData>
                </ts>
            </item>
            <item name="domainspec">
                <string>spec1</string>
            </item>
            <item name="pointspec">
                <subset>
                    <item name="algorithm">
                        <method version="0.1.0.0">
                            <name>x13</name>
                            <family>Seasonal adjustment</family>
                        </method>
                    </item>
                    <item name="regarima">
                        <subset>
                            <item name="algorithm">
<method version="0.1.0.0">
    <name>regarima</name>
    <family>Modelling</family>
</method>
                            </item>
                            <item name="transform">
<subset>
    <item name="function">
        <string>Log</string>
    </item>
</subset>
                            </item>
                            <item name="arima">
<subset>
    <item name="theta">
        <params>
            <coef type="Estimated">
                <value>-0.6030313329628247</value>
                <stde>0.04706990257321238</stde>
                <tstat>-12.811399641732246</tstat>
            </coef>
        </params>
    </item>
    <item name="btheta">
        <params>
            <coef type="Estimated">
                <value>-0.6639277497046652</value>
                <stde>0.04494832070033189</stde>
                <tstat>-14.770913336919456</tstat>
            </coef>
        </params>
    </item>
</subset>
                            </item>
                            <item name="automdl">
<subset>
    <item name="enabled">
        <boolean>false</boolean>
    </item>
</subset>
                            </item>
                            <item name="regression">
<subset>
    <item name="outliers">
        <strings>
            <items>LS.2017-12-01</items>
        </strings>
    </item>
    <item name="coefficients">
        <subset>
            <item name="LS (2017-12-01)">
                <double>-0.14101841308176488</double>
            </item>
        </subset>
    </item>
</subset>
                            </item>
                        </subset>
                    </item>
                    <item name="x11">
                        <subset>
                            <item name="mode">
<string>Multiplicative</string>
                            </item>
                        </subset>
                    </item>
                    <item name="benchmarking">
                        <subset/>
                    </item>
                </subset>
            </item>
            <item name="estimationspec">
                <subset>
                    <item name="algorithm">
                        <method version="0.1.0.0">
                            <name>x13</name>
                            <family>Seasonal adjustment</family>
                        </method>
                    </item>
                    <item name="regarima">
                        <subset>
                            <item name="algorithm">
<method version="0.1.0.0">
    <name>regarima</name>
    <family>Modelling</family>
</method>
                            </item>
                            <item name="transform">
<subset>
    <item name="function">
        <string>Auto</string>
    </item>
</subset>
                            </item>
                            <item name="arima">
<subset>
    <item name="theta">
        <params>
            <coef/>
        </params>
    </item>
    <item name="btheta">
        <params>
            <coef/>
        </params>
    </item>
</subset>
                            </item>
                            <item name="automdl">
<subset>
    <item name="enabled">
        <boolean>true</boolean>
    </item>
</subset>
                            </item>
                            <item name="outlier">
<subset>
    <item name="ao">
        <double>0.0</double>
    </item>
    <item name="ls">
        <double>0.0</double>
    </item>
    <item name="tc">
        <double>0.0</double>
    </item>
</subset>
                            </item>
                        </subset>
                    </item>
                    <item name="x11">
                        <subset/>
                    </item>
                    <item name="benchmarking">
                        <subset/>
                    </item>
                </subset>
            </item>
            <item name="quality">
                <string>Good</string>
            </item>
            <item name="policy">
                <string>Complete</string>
            </item>
        </subset>
    </item>
    <item name="sa4">
        <subset>
            <item name="ts">
                <ts name="Ind prod&#10;Production_4">
                    <freq>12</freq>
                    <firstYear>2000</firstYear>
                    <firstPeriod>1</firstPeriod>
                    <data>98.7 94.2 101.6 93.6 90.2 95.7 95.5 92.2 99.3 106.3 106.2 92.1 94.8 92.9 98.3 92.7 89.2 93.4 92.4 91.8 99.7 103.9 101.7 89.7 88.7 86.3 94.5 87.1 85.0 90.3 88.8 88.0 96.6 99.9 100.7 88.7 88.0 86.3 94.2 85.9 85.3 89.7 89.5 87.8 93.6 99.3 101.9 86.6 89.1 88.8 95.4 89.0 89.1 90.8 91.7 89.3 95.7 98.7 99.1 85.7 87.0 87.7 94.7 89.6 89.3 91.4 91.2 89.8 96.2 98.8 99.7 88.7 88.3 87.5 95.5 88.3 88.6 91.9 92.4 88.2 95.0 99.2 98.9 90.5 90.3 86.7 95.2 90.2 88.8 91.9 92.6 88.2 95.1 97.3 98.3 88.7 89.1 86.5 96.2 89.2 90.6 92.7 94.1 91.2 96.6 100.7 102.5 90.7 86.3 87.1 95.7 91.5 93.1 95.1 95.2 93.9 99.3 102.4 103.2 90.1 88.7 89.3 96.3 90.9 91.8 94.3 94.9 94.2 96.1 100.7 99.1 88.9 89.2 88.4 96.2 90.5 91.0 92.9 93.7 92.0 96.4 100.2 101.1 88.5 88.8 86.9 94.7 92.2 89.0 93.0 95.5 91.3 94.1 100.2 98.5 89.9 88.8 87.8 94.4 91.3 89.3 93.1 95.1 91.6 95.9 99.5 100.2 89.8 90.4 90.0 98.3 93.0 93.6 95.6 98.9 95.7 101.2 107.2 105.2 91.7 93.1 92.0 99.0 96.6 96.5 97.8 100.0 97.9 102.0 106.3 107.8 95.8 95.9 95.8 105.5 101.7 101.9 99.3 102.3 103.1 108.9 110.3 109.4 98.7 99.8 97.3 105.9 98.6 97.7 99.6 101.3 100.5 104.6 108.4 105.6 96.7 95.9 92.6 99.3 96.0 95.0 95.5 96.8 95.2 102.7 103.5 104.7 95.2 95.7 91.8 102.2 96.3 96.3 97.7 100.4 98.9 105.4 107.3 107.9 94.9 96.4 96.5 105.4 100.5 99.9 101.1 103.3 98.1 104.5 106.9 106.8 96.2 93.9 92.7 104.7 94.6 97.5 98.6 99.8 98.8 104.8 108.2 105.6 98.3 96.3 93.1 102.9 97.4 98.5 98.3 100.4 99.1 104.4 108.2 109.0 100.1 98.1 95.9 105.8 101.3 98.2 100.8 102.7 100.5 105.2 109.8 108.5 100.0 97.3 94.5 106.0 98.7 99.8 103.5 104.8 100.8 103.9 106.7 108.7 97.7 99.6 96.1 106.4 99.8 101.0 102.4</data>
                    <metaData>
                        <property name="@timestamp" value="Wed Sep 24 15:28:28 CEST 2025"/>
                        <property name="@source" value="XCLPRVDR"/>
                        <property name="@id" value="demetra://tsprovider/XCLPRVDR/20111201/SERIES?file=C%3A%5CDaten%5Cexamples%5Cexam_in_practice%5CTS_Ind_Pro.xlsx#seriesName=Production_4&amp;sheetName=Ind+prod"/>
                    </metaData>
                </ts>
            </item>
            <item name="domainspec">
                <string>spec1</string>
            </item>
            <item name="pointspec">
                <subset>
                    <item name="algorithm">
                        <method version="0.1.0.0">
                            <name>x13</name>
                            <family>Seasonal adjustment</family>
                        </method>
                    </item>
                    <item name="regarima">
                        <subset>
                            <item name="algorithm">
<method version="0.1.0.0">
    <name>regarima</name>
    <family>Modelling</family>
</method>
                            </item>
                            <item name="transform">
<subset>
    <item name="function">
        <string>Log</string>
    </item>
</subset>
                            </item>
                            <item name="arima">
<subset>
    <item name="theta">
        <params>
            <coef type="Estimated">
                <value>-0.496494317961174</value>
                <stde>0.05034909524180193</stde>
                <tstat>-9.861037533579424</tstat>
            </coef>
        </params>
    </item>
    <item name="btheta">
        <params>
            <coef type="Estimated">
                <value>-0.662495352315192</value>
                <stde>0.043301036667006944</stde>
                <tstat>-15.299757310890843</tstat>
            </coef>
        </params>
    </item>
</subset>
                            </item>
                            <item name="automdl">
<subset>
    <item name="enabled">
        <boolean>false</boolean>
    </item>
</subset>
                            </item>
                        </subset>
                    </item>
                    <item name="x11">
                        <subset>
                            <item name="mode">
<string>Multiplicative</string>
                            </item>
                        </subset>
                    </item>
                    <item name="benchmarking">
                        <subset/>
                    </item>
                </subset>
            </item>
            <item name="estimationspec">
                <subset>
                    <item name="algorithm">
                        <method version="0.1.0.0">
                            <name>x13</name>
                            <family>Seasonal adjustment</family>
                        </method>
                    </item>
                    <item name="regarima">
                        <subset>
                            <item name="algorithm">
<method version="0.1.0.0">
    <name>regarima</name>
    <family>Modelling</family>
</method>
                            </item>
                            <item name="transform">
<subset>
    <item name="function">
        <string>Auto</string>
    </item>
</subset>
                            </item>
                            <item name="arima">
<subset>
    <item name="theta">
        <params>
            <coef/>
        </params>
    </item>
    <item name="btheta">
        <params>
            <coef/>
        </params>
    </item>
</subset>
                            </item>
                            <item name="automdl">
<subset>
    <item name="enabled">
        <boolean>true</boolean>
    </item>
</subset>
                            </item>
                            <item name="outlier">
<subset>
    <item name="ao">
        <double>0.0</double>
    </item>
    <item name="ls">
        <double>0.0</double>
    </item>
    <item name="tc">
        <double>0.0</double>
    </item>
</subset>
                            </item>
                        </subset>
                    </item>
                    <item name="x11">
                        <subset/>
                    </item>
                    <item name="benchmarking">
                        <subset/>
                    </item>
                </subset>
            </item>
            <item name="quality">
                <string>Good</string>
            </item>
            <item name="policy">
                <string>Complete</string>
            </item>
        </subset>
    </item>
    <item name="domainspecs">
        <subset>
            <item name="spec1">
                <subset>
                    <item name="algorithm">
                        <method version="0.1.0.0">
                            <name>x13</name>
                            <family>Seasonal adjustment</family>
                        </method>
                    </item>
                    <item name="regarima">
                        <subset>
                            <item name="algorithm">
<method version="0.1.0.0">
    <name>regarima</name>
    <family>Modelling</family>
</method>
                            </item>
                            <item name="transform">
<subset>
    <item name="function">
        <string>Auto</string>
    </item>
</subset>
                            </item>
                            <item name="arima">
<subset>
    <item name="theta">
        <params>
            <coef/>
        </params>
    </item>
    <item name="btheta">
        <params>
            <coef/>
        </params>
    </item>
</subset>
                            </item>
                            <item name="automdl">
<subset>
    <item name="enabled">
        <boolean>true</boolean>
    </item>
</subset>
                            </item>
                            <item name="outlier">
<subset>
    <item name="ao">
        <double>0.0</double>
    </item>
    <item name="ls">
        <double>0.0</double>
    </item>
    <item name="tc">
        <double>0.0</double>
    </item>
</subset>
                            </item>
                        </subset>
                    </item>
                    <item name="x11">
                        <subset/>
                    </item>
                    <item name="benchmarking">
                        <subset/>
                    </item>
                </subset>
            </item>
        </subset>
    </item>
</informationSet>
